1,google.com
2,youtube.com
3,facebook.com
4,bing.com
5,baidu.com
6,bilibili.com
7,instagram.com
8,yahoo.com
9,wikipedia.org
10,amazon.com
11,twitter.com
12,whatsapp.com
13,netflix.com
14,qq.com
15,reddit.com
16,live.com
17,linkedin.com
18,yandex.ru
19,xvideos.com
20,vk.com
21,microsoft.com
22,pornhub.com
23,github.com
24,tiktok.com
25,msn.com
26,twitch.tv
27,fandom.com
28,taobao.com
29,microsoftonline.com
30,zhihu.com
31,naver.com
32,aliexpress.com
33,yahoo.co.jp
34,paypal.com
35,canva.com
36,xhamster.com
37,amazon.co.jp
38,163.com
39,apple.com
40,imdb.com
41,office.com
42,zoom.us
43,ebay.com
44,sina.com.cn
45,amazon.in
46,xnxx.com
47,mail.ru
48,pinterest.com
49,adobe.com
50,douyu.com
51,discord.com
52,csdn.net
53,douyin.com
54,weibo.com
55,zxx.edu.cn
56,telegram.org
57,huya.com
58,roblox.com
59,amazon.de
60,stackoverflow.com
61,spotify.com
62,ok.ru
63,jd.com
64,quora.com
65,disneyplus.com
66,primevideo.com
67,freepik.com
68,duckduckgo.com
69,booking.com
70,google.co.jp
71,google.co.in
72,stripchat.com
73,hao123.com
74,steamcommunity.com
75,etsy.com
76,amazon.co.uk
77,fiverr.com
78,douban.com
79,google.com.hk
80,udemy.com
81,t.me
82,amazonaws.com
83,imgur.com
84,spankbang.com
85,realsrv.com
86,indeed.com
87,so.com
88,avito.ru
89,iqiyi.com
90,3dmgame.com
91,flipkart.com
92,wordpress.com
93,youku.com
94,mediafire.com
95,google.de
96,chaturbate.com
97,godaddy.com
98,smartedu.cn
99,bbc.co.uk
100,google.co.uk
101,coinmarketcap.com
102,tmall.com
103,alipay.com
104,tumblr.com
105,1688.com
106,mega.nz
107,hbomax.com
108,shopify.com
109,dropbox.com
110,pixiv.net
111,google.com.br
112,tradingview.com
113,google.fr
114,binance.com
115,bbc.com
116,ali213.net
117,ilovepdf.com
118,savefrom.net
119,google.it
120,daum.net
121,amazon.it
122,rakuten.co.jp
123,tistory.com
124,twimg.com
125,cnn.com
126,deepl.com
127,messenger.com
128,nytimes.com
129,alibaba.com
130,steampowered.com
131,nih.gov
132,patreon.com
133,google.es
134,w3schools.com
135,amazon.fr
136,medium.com
137,ebay.co.uk
138,nicovideo.jp
139,eduyun.cn
140,chase.com
141,walmart.com
142,hulu.com
143,google.com.sg
144,google.ru
145,speedtest.net
146,namu.wiki
147,cnki.net
148,wetransfer.com
149,lazada.sg
150,ozon.ru
151,bet365.com
152,instructure.com
153,googlevideo.com
154,amazon.es
155,researchgate.net
156,archive.org
157,ikea.com
158,googlesyndication.com
159,ixigua.com
160,mercadolivre.com.br
161,force.com
162,zillow.com
163,digikala.com
164,yts.mx
165,linktr.ee
166,chess.com
167,wildberries.ru
168,epicgames.com
169,allegro.pl
170,y2mate.com
171,deviantart.com
172,hotstar.com
173,amazon.ca
174,trendyol.com
175,sogou.com
176,360.cn
177,cloudfront.net
178,op.gg
179,jianshu.com
180,aliexpress.ru
181,espn.com
182,ebay.de
183,behance.net
184,blogger.com
185,trello.com
186,yandex.com
187,upwork.com
188,redd.it
189,sohu.com
190,livejasmin.com
191,vimeo.com
192,namecheap.com
193,ebay-kleinanzeigen.de
194,globo.com
195,samsung.com
196,indiatimes.com
197,shutterstock.com
198,remove.bg
199,craigslist.org
200,coursera.org
201,pexels.com
202,grammarly.com
203,google.com.tw
204,geeksforgeeks.org
205,dailymail.co.uk
206,crunchyroll.com
207,ilive.cn
208,4399.com
209,theguardian.com
210,mihoyo.com
211,qidian.com
212,fmkorea.com
213,google.com.tr
214,fc2.com
215,nyaa.si
216,sciencedirect.com
217,shein.com
218,slack.com
219,varzesh3.com
220,google.com.mx
221,imilroshoors.com
222,coupang.com
223,bankofamerica.com
224,pixabay.com
225,stackexchange.com
226,notion.so
227,soundcloud.com
228,shopee.tw
229,google.co.kr
230,gamersky.com
231,line.me
232,discordapp.com
233,google.ca
234,xhamsterlive.com
235,pinimg.com
236,shaparak.ir
237,toutiao.com
238,t.co
239,nga.cn
240,stripe.com
241,dmm.co.jp
242,premierleague.com
243,aol.com
244,wix.com
245,mercadolibre.com.mx
246,e-hentai.org
247,okezone.com
248,goodreads.com
249,okta.com
250,aparat.com
251,google.com.sa
252,icloud.com
253,onlyfans.com
254,cctv.com
255,mozilla.org
256,homedepot.com
257,ameblo.jp
258,wikimedia.org
259,tripadvisor.com
260,foxnews.com
261,supjav.com
262,9anime.id
263,txxx.com
264,uol.com.br
265,amazon.com.mx
266,reverso.net
267,hp.com
268,google.pl
269,zippyshare.com
270,directcpmrev.com
271,wellsfargo.com
272,healthline.com
273,rutracker.org
274,sourceforge.net
275,noodlemagazine.com
276,mgtv.com
277,unsplash.com
278,115.com
279,sahibinden.com
280,office365.com
281,aliyun.com
282,mercadolibre.com.ar
283,nexon.com
284,9gag.com
285,google.com.eg
286,agemys.cc
287,torob.com
288,gismeteo.ru
289,ultimate-ad-eraser.com
290,fourpetal.com
291,liquipedia.net
292,google.com.ar
293,youporn.com
294,yelp.com
295,ouo.io
296,redgifs.com
297,dailymotion.com
298,kakao.com
299,ruliweb.com
300,weather.com
301,istockphoto.com
302,dell.com
303,qoo10.sg
304,chaoxing.com
305,nvidia.com
306,nike.com
307,gosuslugi.ru
308,salesforce.com
309,dazn.com
310,usps.com
311,marca.com
312,shopee.co.id
313,discogs.com
314,opensea.io
315,soso.com
316,scribd.com
317,leboncoin.fr
318,bestbuy.com
319,taboola.com
320,envato.com
321,cdninstagram.com
322,mi.com
323,gogoanime.lu
324,genius.com
325,gstatic.com
326,softonic.com
327,target.com
328,gamer.com.tw
329,outbrain.com
330,academia.edu
331,chsi.com.cn
332,magybu.net
333,divar.ir
334,google.cn
335,kinopoisk.ru
336,noonoo.tv
337,arca.live
338,google.co.th
339,wordpress.org
340,archiveofourown.org
341,capitalone.com
342,livescore.com
343,1337x.to
344,amazon.com.br
345,1377x.to
346,flickr.com
347,elsevier.com
348,lenovo.com.cn
349,tokopedia.com
350,riotgames.com
351,tencent.com
352,fast.com
353,wowhead.com
354,huawei.com
355,investing.com
356,4chan.org
357,limestart.cn
358,ea.com
359,hupu.com
360,byrut.org
361,figma.com
362,doubleclick.net
363,dbs.com.sg
364,iqbroker.com
365,wp.pl
366,feishu.cn
367,hdfcbank.com
368,americanexpress.com
369,xfinity.com
370,srvtrck.com
371,animixplay.to
372,shahed4u.mx
373,icicibank.com
374,spotcharlie.com
375,shopee.com.my
376,cam4.com
377,cloudflare.com
378,ign.com
379,mcbbs.net
380,runoob.com
381,trontv.com
382,etoro.com
383,hqporner.com
384,eporner.com
385,zoho.com
386,oracle.com
387,lichess.org
388,uptobox.com
389,washingtonpost.com
390,afreecatv.com
391,thepiratebay.org
392,themeforest.net
393,shopee.co.th
394,livedoor.jp
395,omofun.tv
396,gamespot.com
397,skype.com
398,ecosia.org
399,olx.pl
400,upornia.com
401,52pojie.cn
402,mlb.com
403,bitly.com
404,granddaughterrepresentationintroduce.com
405,hepsiburada.com
406,asus.com
407,skiptheadz.net
408,leetcode.com
409,minecraft.net
410,manatoki148.net
411,mercari.com
412,artstation.com
413,javbus.com
414,quillbot.com
415,thisvid.com
416,zendesk.com
417,ptt.cc
418,ddrk.me
419,youdao.com
420,uptodown.com
421,autohome.com.cn
422,jw.org
423,bongacams.com
424,seznam.cz
425,payoneer.com
426,infobae.com
427,zxxk.com
428,flashscore.com
429,4channel.org
430,shopee.com.br
431,theporndude.com
432,adsco.re
433,google.com.au
434,tinyurl.is
435,kuaishou.com
436,rottentomatoes.com
437,forbes.com
438,1x001.com
439,as.com
440,smallpdf.com
441,dlsite.com
442,biligame.com
443,duolingo.com
444,libvio.me
445,ultimate-guitar.com
446,aspectsofc.hair
447,mcmod.cn
448,yhdmp.cc
449,zhibo8.cc
450,chainerunca.com
451,huijiwiki.com
452,adzshield.net
453,dribbble.com
454,rumble.com
455,bild.de
456,wikihow.com
457,gmx.net
458,optnx.com
459,cambridge.org
460,aternos.org
461,orange.fr
462,asurascans.com
463,mindedcarious.com
464,blackboard.com
465,xbox.com
466,google.nl
467,smzdm.com
468,sillinessinterfere.com
469,poki.com
470,playstation.com
471,bybit.com
472,u.gg
473,hubspot.com
474,cnblogs.com
475,zol.com.cn
476,mit.edu
477,aliyundrive.com
478,livejournal.com
479,shopee.vn
480,japanpost.jp
481,snapchat.com
482,accuweather.com
483,eastday.com
484,onet.pl
485,xhamster18.desi
486,nextdoor.com
487,wattpad.com
488,intuit.com
489,superchat.live
490,rakuten.com
491,crengate.com
492,onlinesbi.sbi
493,ebay.com.au
494,amazon.com.au
495,gsmarena.com
496,pngtree.com
497,hm.com
498,nowcoder.com
499,lenovo.com
500,inven.co.kr
501,greasyfork.org
502,politicianbusplate.com
503,locomotiveconvenientriddle.com
504,limitationvolleyballdejected.com
505,wiley.com
506,webpkgcache.com
507,fidelity.com
508,cuevana3.me
509,adblockultra.com
510,verandahcrease.com
511,voflix.com
512,springer.com
513,gumroad.com
514,airbnb.com
515,genialsleptworldwide.com
516,web.de
517,dcinside.com
518,sunglassesmentallyproficient.com
519,ixxx.com
520,reasonablelandmark.com
521,apple.com.cn
522,imagetwist.com
523,iloveimg.com
524,mutux.cfd
525,att.com
526,vnexpress.net
527,possessionaddictedflight.com
528,myworkdayjobs.com
529,thingiverse.com
530,tightendescendantcuddle.com
531,gitee.com
532,quizlet.com
533,convertio.co
534,download-final-step.com
535,unwillingsnick.com
536,moegirl.org.cn
537,eksisozluk.com
538,pdfdrive.com
539,dytt8.net
540,stake.com
541,freecodecamp.org
542,11st.co.kr
543,cuddlethehyena.com
544,ebay.it
545,nicesthoarfrostsooner.com
546,realtor.com
547,google.co.id
548,lowes.com
549,gofile.io
550,digitalocean.com
551,sankakucomplex.com
552,eshkol.io
553,challengecircuit.com
554,lenta.ru
555,ifeng.com
556,futbollibre.net
557,manage.wix.com
558,asos.com
559,starplus.com
560,rt.com
561,canada.ca
562,shopee.ph
563,sberbank.ru
564,betano.com
565,hotmart.com
566,redfin.com
567,daughterinlawrib.com
568,weebly.com
569,internetdownloadmanager.com
570,citi.com
571,squarespace.com
572,acfun.cn
573,humblebundle.com
574,cloudconvert.com
575,tutorialspoint.com
576,curseforge.com
577,expedia.com
578,dstv.com
579,againirksomefutile.com
580,exhentai.org
581,redtube.com
582,businessinsider.com
583,sxyprn.com
584,secureserver.net
585,ups.com
586,soap2day.to
587,faphouse.com
588,nursecompellingsmother.com
589,trustpilot.com
590,codepen.io
591,agoda.com
592,state.gov
593,amazon.ae
594,rambler.ru
595,redbubble.com
596,fittingcentermondaysunday.com
597,nypost.com
598,elsewherebuckle.com
599,hotbit.io
600,serialwarning.com
601,pchome.com.tw
602,gyazo.com
603,lazada.co.th
604,amazon.sa
605,hallucinatepromise.com
606,7movierulz.tc
607,zoro.to
608,evernote.com
609,hebeilaibang.com
610,parachuteeffectedotter.com
611,roadmappenal.com
612,ezgif.com
613,tradedoubler.com
614,opera.com
615,spatterjointposition.com
616,katfile.com
617,newtoki148.com
618,1stream.top
619,ruogesfshygsj.com
620,justindianporn.me
621,boyfriendtv.com
622,npmjs.com
623,fedex.com
624,leetcode.cn
625,erome.com
626,fapello.com
627,lectortmo.com
628,xxxtube2022.com
629,hentaiheroes.com
630,google.com.vn
631,costco.com
632,smallseotools.com
633,vecteezy.com
634,exness.com
635,addthis.com
636,pornzog.com
637,bilibili.tv
638,myanimelist.net
639,icourse163.org
640,marriott.com
641,proton.me
642,dafont.com
643,discover.com
644,ria.ru
645,paramountplus.com
646,game8.co
647,motherless.com
648,decencyjessiebloom.com
649,investopedia.com
650,tabelog.com
651,reuters.com
652,bandcamp.com
653,doordash.com
654,mayoclinic.org
655,jut.su
656,kakaku.com
657,eastmoney.com
658,xiaohongshu.com
659,lgyy.cc
660,azure.com
661,ubereats.com
662,news18.com
663,missav.com
664,mixdrop.co
665,wp.com
666,yandex.com.tr
667,battle.net
668,olx.com.br
669,justwatch.com
670,manyvids.com
671,ampproject.org
672,jable.tv
673,brave.com
674,wise.com
675,utorrent.com
676,google.gr
677,futbin.com
678,gitlab.com
679,kooora.com
680,google.ro
681,teachable.com
682,opensooq.com
683,google.com.ua
684,google.co.ve
685,asana.com
686,hostinger.com
687,pornone.com
688,disqus.com
689,coingecko.com
690,sopoe.cn
691,youjizz.com
692,repubblica.it
693,manganato.com
694,weakstreams.com
695,ettoday.net
696,wordreference.com
697,elementor.com
698,slideshare.net
699,jaavnacsdw.com
700,kucoin.com
701,myfreecams.com
702,dood.wf
703,yodobashi.com
704,have-soft.com
705,bol.com
706,mobile.de
707,soccerstreams.net
708,thesaurus.com
709,steamunlocked.net
710,visualstudio.com
711,ca.gov
712,cuevana.pro
713,qlteacher.com
714,onlinesbi.com
715,biblegateway.com
716,bp.blogspot.com
717,cnbc.com
718,5ch.net
719,caliente.mx
720,interia.pl
721,www.gov.uk
722,irctc.co.in
723,google.be
724,mercadolibre.com.ve
725,myvidster.com
726,zara.com
727,pngwing.com
728,jetbrains.com
729,atlassian.net
730,nintendo.com
731,tamin.ir
732,merriam-webster.com
733,2345.com
734,made-in-china.com
735,adblockerapp.com
736,exoclick.com
737,ytimg.com
738,slickdeals.net
739,cnet.com
740,fextralife.com
741,fdown.net
742,udn.com
743,battlenet.com.cn
744,hh.ru
745,makeuseof.com
746,furaffinity.net
747,webmd.com
748,runescape.wiki
749,tokyomotion.net
750,fullhdfilmizlesene.pw
751,btnull.re
752,uidai.gov.in
753,elpais.com
754,rezka.ag
755,wondershare.com
756,indiamart.com
757,rapidgator.net
758,fmovies.to
759,sofascore.com
760,clien.net
761,hclips.com
762,python.org
763,tver.jp
764,blizzard.cn
765,pixnet.net
766,farfetch.com
767,avgle.com
768,weiyun.com
769,eyny.com
770,europa.eu
771,jinritemai.com
772,danawa.com
773,tap.az
774,go.com
775,amazon.eg
776,peacocktv.com
777,bloomberg.com
778,google.az
779,linkvertise.com
780,mundodeportivo.com
781,wsj.com
782,dndbeyond.com
783,etherscan.io
784,storage.googleapis.com
785,wykop.pl
786,nfl.com
787,miguvideo.com
788,clickup.com
789,91porn.com
790,moneycontrol.com
791,start.xyz
792,proxyrarbg.org
793,readmanganato.com
794,lazada.com.ph
795,intel.com
796,ppomppu.co.kr
797,td.com
798,ryanair.com
799,t-online.de
800,turkiye.gov.tr
801,amd.com
802,editor.wix.com
803,britannica.com
804,cdc.gov
805,hltv.org
806,nunuyy2.org
807,plex.tv
808,subscene.com
809,socialblade.com
810,webcamrips.com
811,bookmyshow.com
812,libero.it
813,flightradar24.com
814,anonfiles.com
815,momoshop.com.tw
816,usatoday.com
817,flaticon.com
818,hanime.tv
819,iporntv.net
820,canalplus.com
821,g2a.com
822,nexusmods.com
823,gotporn.com
824,sarkariresult.com
825,gmarket.co.kr
826,wargaming.net
827,btsow.bar
828,livetv.sx
829,poste.it
830,overleaf.com
831,sdo.com
832,hetaruwg.com
833,ancestry.com
834,idnes.cz
835,dreamstime.com
836,tktube.com
837,videosection.com
838,mailchimp.com
839,e621.net
840,getintopc.com
841,y2mate.is
842,makemytrip.com
843,adsrvtrk.biz
844,theqoo.net
845,blog.jp
846,twinrdsyn.com
847,outlookabsorb.com
848,strava.com
849,csfd.cz
850,badoo.com
851,mangakakalot.com
852,emojipedia.org
853,wallhaven.cc
854,emalls.ir
855,bdpcc.com
856,atlassian.com
857,detik.com
858,espncricinfo.com
859,youm7.com
860,fanfiction.net
861,hdsex.org
862,pcgamer.com
863,pornhubpremium.com
864,tenki.jp
865,glassdoor.com
866,oxu.az
867,imagefap.com
868,pixhost.to
869,ytmp3.cc
870,wayfair.com
871,adobelogin.com
872,jav.guru
873,b2clogin.com
874,highperformancegate.com
875,58pic.com
876,recurbate.com
877,openai.com
878,rightmove.co.uk
879,zerodha.com
880,thotsbay.to
881,macys.com
882,filmweb.pl
883,ok.xxx
884,xueqiu.com
885,codegrepper.com
886,mirconnect.ru
887,howtogeek.com
888,freelancer.com
889,cricbuzz.com
890,hindustantimes.com
891,soap2day.ac
892,rarbg.to
893,billdesk.com
894,goo.ne.jp
895,auction.co.kr
896,xvideos.red
897,ieee.org
898,lysim-lre.com
899,syosetu.com
900,ivi.ru
901,medicalnewstoday.com
902,clips4sale.com
903,yuque.com
904,unity.com
905,sbrf.ru
906,midjourney.com
907,dhlottery.co.kr
908,nhk.or.jp
909,marktplaats.nl
910,9anime.vc
911,myntra.com
912,toweroffantasy-global.com
913,dmm.com
914,lazada.com.my
915,verizon.com
916,iherb.com
917,hdtoday.tv
918,viitoz.com
919,chegg.com
920,g2afse.com
921,drom.ru
922,corriere.it
923,coursehero.com
924,diretta.it
925,hotels.com
926,bluestacks.com
927,mobafire.com
928,goal.com
929,skysports.com
930,oraclecloud.com
931,pastebin.com
932,online-convert.com
933,sxyprn.net
934,cleardexchange.com
935,ngabbs.com
936,gamebanana.com
937,independent.co.uk
938,book4you.org
939,pconline.com.cn
940,skyscanner.net
941,free.fr
942,airtable.com
943,last.fm
944,gimy.app
945,pornpics.com
946,javatpoint.com
947,epfindia.gov.in
948,files.wordpress.com
949,business.site
950,banvenez.com
951,yektanet.com
952,xvideos-cdn.com
953,subito.it
954,itmedia.co.jp
955,screenrant.com
956,nature.com
957,gazzetta.it
958,bankmellat.ir
959,socalleddemocratstripe.com
960,perfectgirls.net
961,1fichier.com
962,syf.com
963,note.com
964,doorblog.jp
965,rakuten-bank.co.jp
966,bscscan.com
967,nhentai.net
968,ibm.com
969,sky.com
970,fapster.xxx
971,royalbank.com
972,google.com.pk
973,gfycat.com
974,substack.com
975,daraz.pk
976,google.com.pe
977,zarinpal.com
978,alicdn.com
979,torrentqq217.com
980,steamdb.info
981,google.at
982,mercadolibre.com.co
983,adp.com
984,instant-gaming.com
985,ticketmaster.com
986,hnbaite.com
987,tving.com
988,spiegel.de
989,lookaaround.com
990,filimo.com
991,themoviedb.org
992,immobilienscout24.de
993,emofid.com
994,a2mu.com
995,189.cn
996,faucetpay.io
997,sanjesh.org
998,updatemobilee.com
999,bitchute.com
1000,streamable.com