456155,bizreport.com
268928,catstudio.com
490007,integrio.net
235193,taghdoutelive.com
236091,ambientweather.net
70396,kitfestarecife.com.br
353733,angeleduardo.com
288939,droidboxforums.com
102226,vikroim.ru
389126,southeastsun.com
277910,edmondsunderwaterpark.com
457820,redeye.se
70038,dollysdesigns.blogspot.com
274768,bestpvaaccounts.com
425993,redsharknews.com
96733,qlogo.cn
454091,vetted.ai
332052,bilgit.com
26441,singaporepools.com.sg
38183,ltgd.net
53987,en-academic.com
226155,balanceactiveformula.com
75139,hindimehelps.com
154406,fincult.info
209737,getirstock.com
278219,pompomschildrenssalon.com
182331,projectzerothree.info
218548,daruse.ru
188715,nordicbulk.com
252303,knukonceptz.com
240508,sariagri.id
356481,bjango.com
167235,latenightstreaming.com
468299,eratokhabar.com
482582,myonlinestudybuddy.com
377226,mexicolegal.mx
94510,americanmilitarynews.com
123763,parfum-lider.ru
447062,shorturllink.xyz
333370,tazecicek.com
42011,badnorth.com
99519,acs3ds.com
332648,inselta.com
472056,immucuradiagnostics.com
17963,hdfilmlenta.com
15664,kyoukaikenpo.or.jp
78861,pixso.cn
115972,gametimers.it
120438,terzotemponapoli.com
127632,alertscity.com
10364,hitplayer.ru
353754,anglefan.com
188733,npav.net
268377,575thcom.sharepoint.com
277685,animejs.com
399206,futurpreneur.net
76764,bitsend.jp
29605,piedmont.org
34939,cao.go.jp
254870,tldes.com
494965,cartridgeworld.co.nz
140104,healthynewsjournal.com
490320,heathstreethealth.nhs.uk
320761,linkfluence.com
54722,bannersnack.com
167727,playmolook.com
98240,oneclickdrive.com
180474,kayfi.com
261119,4closure.info
299806,new-rutor.eu
181625,ralphlauren.com.hk
453919,trilliondlt.com
234364,iqrakitab.com.my
260832,phimsexhanquoc.org
158800,photzy.com
417550,pochegroup.com
157163,videnov.mk
384601,radio-locator.com
162931,ephrain.net
476881,goodempire.eu
110502,apartmentratings.com
236445,clicklinkin.bio
138269,seriesblim.com
111443,hundure.com
130043,www-business2community-com.translate.goog
214750,mastermindadvisor.com
86003,lightspeedhq.com
312859,midwestunitedfootball.com
20879,aleteia.org
327450,newvoicemedia.com
202574,archiviopenale.it
198188,libertydentalplan.com
208868,futsal-liiga.tv
63883,tribaldex.com
78072,jiepai301.com
97630,g2g1slot.com
305460,6banat.com
468375,100daygoal.com.au
315070,reliablehomephone.com
304779,previ.se
319640,cena1web.com
128181,discoverpermaculture.com
367145,gamespcdownload.com
64478,dieteticacentral.com
280454,crystallakehealthcenters.com
76812,bste.xyz
130914,vxnitsup.com
19590,jutaku-kouen.com
223527,trial-market.ru
109900,expressedsupply.com
380096,nisquallycorrections.com
27524,nung2hdd.com
162157,mosalasezard.com
197218,gochuan.com
388068,shrine.app
12456,ctee.com.tw
126059,moshaveranedanesh.com
138968,miniroyale.io
244322,oktoberfesthaus.com
294656,bestsexvideos.su
339362,tun.com
173261,portugal.com
17237,cbafacebda.xyz
87787,giant-savings.co
329447,durotuss.com.au
180650,npfco.com.sa
328124,azinsanat.com
15338,yicai.com
412337,abcbourse.ir
170716,mypornfox.com
424147,vinchizmetleri.net
265763,buyingplying.com
76167,123wx.com
242885,star8arab.com
254961,cratex.io
330489,stlukeshealth.org
132273,biproxi.com
289867,assumptionlions.com
73012,weeblycloud.com
135001,zhidous.com
109921,cheapies.nz
153394,pythonprogramming.net
271726,uhccommunityplan.com
97894,um.si
41995,automationpractice.com
442343,hellofresh.ch
43382,pcgilmore.com.ph
114830,roviniete.ro
252935,tennisballcricket.com
285638,zslib.com.cn
349195,nflsavant.com
428601,adibniya.com
486536,bilinfo.net
398570,christophertitmussblog.org
414640,hachette.co.uk
28142,freebit.net
321618,sivanapp.com
377415,mikezollinger.com
456013,app-flipsnack-com.translate.goog
94040,holaporno.xxx
234774,avalbash.com
104872,nielasher.com
171422,electricalcounter.co.uk
270216,loveandmake.com
45069,beauteprivee.fr
308868,ecomdegreeworkshop.com
388566,smallpussyteen.top
6580,bj-share.info
242832,reliancecpa.com
338798,selektanews.com
137949,espaciorural.com
439245,oslonowhere.com
54137,uah.edu
419396,dalkilicspor.com
290000,coindataflow.com
216796,stalowka.net
279726,bikethomson.com
7278,paymentsos.com
459345,nextory.de
273858,adibcarpet.com
492712,mymatejohn.co.nz
329245,tnetshop1.pro
291824,rsreformshop.nl
364694,everdries.com
371065,iii.co.uk
283241,onlinechannel.tv
378948,mymusictaste.com
201801,rotaryclubkrusevac.org
422115,namlihipermarketleri.com
50716,consulta.com.ve
493702,kalikakhabar.com
2032,replit.com
255477,24genetics.pl
77597,gitnavi.com
89276,kreately.in
338554,rchtechno.com
480194,smrtr.io
251690,beyondyoga.com
426053,sailinginparadise.com.au
249961,downloadgram.app
247274,uaeusg.com
115634,gymbeam.hu
165808,yaoitalia.it
436288,shaaf-charity.ir
444178,lounea.fi
191256,traderrr.com
215203,nezyda.com
259906,sporaskayseri.com.tr
42037,beautyscoretest.com
302061,ictu.edu.vn
5558,boxofficemojo.com
498760,rcomlive.net
140808,woolwarehouse.co.uk
197156,sosanhgia.com
148593,aktuexams.in
222017,prostolike.net
328495,indumart.com
170856,varandaz.com
29287,jillseymourukip.org
369911,hiphopfreaks.com
464684,uclouvain.sharepoint.com
339958,gillianmwahh.com
413709,platinexpress.co.il
49115,bullchat.com
10384,dramacool.sr
188574,newinhindi.in
409561,merepix.com
458472,vw-bus-t4.de
352882,akia.com
248659,series4drama.com
199483,hoffen.com.pl
337310,kantahsalatiga.com
433648,mashhad-info.net
193637,e-arabization.com
266670,akweb.ir
311422,jewinthecity.com
48201,moe-online.ru
355844,bellewoodcottage.com
4373,ptwxz.com
461960,catchbudapest.com
134220,cascadecloud.app
464873,wallpaperwaifu.com
46227,quickmeme.com
241023,online-fortune-telling.com
314305,petersenmfg.com
397356,wpdh.com
124259,if.no
482549,muscularpoliceofficers.tumblr.com
228887,papafelipes.com
56928,giggulf.ae
326231,bdpeoplesvoice.com
29330,u3c3.live
291297,bethnan.com
146245,ificbankbd.com
380071,ninelivescatcafe.com
429803,bistbarg.com
463245,lafagne.eu
50659,lanebryant.com
480073,myimaths.com
27843,teamspeak.com
133493,centrometeoitaliano.it
475834,andrewmelcher.com
18289,you2webjuku.jp
203885,hellastory.net
404290,nederweert24.nl
29281,hunanpea.com
312699,medanswering.com
478089,raelswiss.ch
347646,find-mba.com
72136,therowhouse.com
459709,abraham.com
262621,plainnow.com
180516,liengo.net
162644,av6k.site
105419,undefeatableswordsman.com
276879,bunbougu.com.au
78647,nbru4735vf.xyz
270055,kingdomchevy.com
183616,babadham.org
232836,ahfc.us
93975,encuestaspagadas.org
214407,historicalsimslife.blogspot.com
313424,nauticstarboatsmaryland.com
465975,goblinimposters.wtf
60599,lvyoufc.com
234541,viviaprint.com
118602,pornxxxvideos.tv
25749,bitcoincasinohunter.com
181821,zangsir.weebly.com
206124,mycarpe.com
22769,problogger.com
239481,plasmatreata.com
220631,madou-85.ru
308141,crownaudi.com
493950,nib.gov.np
273362,socializeafrica.com
171215,asbestosroofrenewal.co.uk
366508,freeappsbox.com
75196,studyrankers.com
488759,sfoen.dk
447917,aerocare.com.au
302963,staresso.vn
306838,bnbtraining.com
62198,rbkgames.com
292064,shtlink.pw
496515,myacg-my.sharepoint.com
19977,revolvermaps.com
413638,onlinecreampie.com
83879,recetasfacilescocina.com
494953,cardiganempire.com
366172,followtheforest.org
321550,ruberah.com
356795,boardingschoolhealing.org
489581,hamrocalendar.com
293233,valhallatactical.com.au
265807,fawaid.or.id
461596,anymytube.com
349478,pdf-suite.com
400838,kowdsyscripts.com
445524,cholobangladeshtours.com
48497,5w8.fun
456336,conservatoire.at
498401,sedrahoney.com
116083,streamingcommunity.best
178566,shrimpnation.co.za
445519,charpatra.com
477467,mail-hog.com
452529,rangeinn.com
215876,exabytes.com
183894,bizzeonline.com
36853,privacymanager.io
416759,lesinattendues.be
405139,spalavivaroise.wixsite.com
252571,opensquare.art
371171,imarkinfotech.com
247583,brightnow.com
295171,myeatrade.com
396469,weidnerhasou.com
160674,worldgovernmentbonds.com
363957,elevatorlab.com
154691,elink.io
87471,olvacourier.com
180725,qistas.com
81557,coolutils.com
493933,new-porn.video
233704,fellatiojapan.com
19765,igfap.com
37107,allbanglanewspapersbd.com
331283,rajshahiboard.gov.bd
385491,retrosexclips.com
341176,hotels-of-ukraine.com
16179,rohlik.cz
410400,randomshortcuts.com
404804,reishonger.nl
406338,valorantstore.net
35148,yaeby.info
179369,miiledi.ru
19135,xiaoso.net
263725,respinashop.com
197575,astrologyk.com
114183,kearney.com
357627,bundletopsvg.com
443292,stenaline.no
114777,poema.ro
47636,allareacodes.com
169769,maturewomennudepics.com
240977,miltonflowersandgifts.ca
97900,erotik-film.org
439736,holidu.fr
52993,goguardian.com
206552,tralhasvarias.blogspot.com
122832,thehosteller.com
204874,passioneunghie.com
192674,tonerpartner.ch
127720,association-aide-victimes-france.fr
122487,manicmentor.com
411917,ydns190.com
222007,pronorus.com
268355,supermassageusa.com
390967,tao123.com
133720,permanenttsb.ie
155213,nintendo.pl
238351,unistude.com
173617,remezcla.com
179630,umpo.ac.id
273062,ipanemaaustralia.com.au
91171,thelinuxfaq.com
300215,twoblokestrading.com
159237,filatovmos.ru
488629,rosendahl.com
150693,suddimahithi.com
471258,ccb.pt
495282,driveelectric.org.nz
490545,landoverbaptist.net
358277,careershealthcare.com
332479,getmyboat.com
448259,aussiehealthproducts.com.au
17887,silkhorseclub.jp
355489,basicpython.org
36015,skbank.com.tw
196338,quickprintus.com
141088,kirajmutanaqil.com
379277,nanoconsoles.com
131452,grsyp.com
488146,nemdele.dk
138699,silversneakers.com
385682,ridetherapid.org
365908,flashframe.io
325758,richmondweddings.com
30138,huashu-inc.com
479916,property-portal.uk
311044,ilporticorestaurant.com
329556,scholasticlearningzone.com
319403,cadbury.com.au
156711,fonbulucu.com
325504,musicrush.com
251221,rciiq.org
492801,parkvale.school.nz
247078,brassna.com
376049,mainmadestudios.com
445189,aruncreationofficial.blogspot.com
18836,newforex.online
268224,umassmemorial.org
466106,infotopocad.com
245730,mokamelbadansazi20.com
433409,loderi.com
21035,spoonflower.com
246449,mavipp.pt
304997,stonehausrealty.ca
230313,mangasubthai.com
411356,tlwastoria.com
110349,reacheffect.com
264172,bymeoman.com
2536,metamarket.to
214671,educacionagil.me
148482,poppayah.com
290815,philpad.com
162481,newsiqra.com
89633,momshop18.com
270809,pgglobalhomes.com
376549,materialsix.com
396468,weichuanbo.com
206575,olivia.com
409679,mrtechi.com
350543,thedesigntourist.com
3546,videezy.com
139920,sirved.com
199271,dotnetyar.com
321528,regna.ir
284797,themoneycouncil.com
312777,meredith.com
84956,esap.edu.co
204271,legal-team.it
161294,foto.no
198691,usefulangle.com
40404,propress-com.ru
104180,une.net.co
337938,mudation.com
494052,presscentre.org.np
349779,real-girls.net
318446,wittytube.com
483809,thenoodleshow.tumblr.com
91,flipkart.com
182856,1bengalisex.com
61294,footballkitarchive.com
206234,buycott.com
324344,humpparalli.in
277465,hopi.com.tr
127923,carnets-de-traverse.com
42671,i-kingmobile.com
495025,chrissmithglass.co.nz
186474,hival.net
475598,tinck-ar.com
5134,yhdm16.com
371737,intotheblock.com
140824,jobsbox.pk
339960,globalentriesonline.com.au
48724,8899xx.xyz
177240,ajaimerojas.com.pe
403810,knifestore.nl
206648,minhembio.com
290019,crocs.cn
250073,mubabol.ac.ir
2047,selfridges.com
398617,forlovestatus.com
248686,warq.net
398082,yourindependentgrocer.ca
396709,whitedovebooks.co.uk
317112,themightyginkgo.org
373417,kiavape2.com
98908,noroweb.com
178405,nda.agric.za
4843,dmlaa.com
131903,tkcsales.co.uk
212183,panic.com
429230,aslafzar.com
86381,jns.org
436249,servermax.net
173511,parmonet.com
80049,yishui.gov.cn
157523,influencive.com
30110,brp.com
34429,sdge.com
296951,cobra-gold.net
87513,celebritybikinibooty.com
282201,landaparkgolfcourse.com
35910,transport.qld.gov.au
272680,harajei.ir
323327,masteredutech.com
15165,abooky.com
333,divar.ir
164875,narotama.ac.id
210800,escortsnearby.com.au
480185,odayequipment.com
8999,jprime.jp
279897,brivity.com
364900,expomd.com
379980,nhplayer.com
447125,sohomotionfilms.com
113124,goldenpi.com
472484,matkult.se
54600,iudlm.com
208318,inverted-audio.com
223048,stalker-world.ru
376631,maturexxxpics.xyz
358252,cardiocapital.com
127025,virtualnights.com
327614,me-page.org
363637,ecopeanut.com
285605,yts2.cc
495983,irontanksgymgear.com
192753,bunniesoflasvegas.com
365009,facialabuse.ws
388052,showcarsofbocaraton.com
275968,indeleiderstrui.nl
146745,ruthernvalley.com
312464,makikoa.com
42402,fensi.plus
498554,eselna.com
188225,motorsportjobs.com
486743,collinsporthistoricalsociety.com
130252,eastmancu.org
346604,bookyoursite.com
294538,tvoost.be
183927,blogrbd.com
33130,ugto.mx
109662,bolly2tolly.net
19110,bytravel.cn
310233,gracieandjoy.com
39706,techbullion.com
481529,gameoverth.com
127374,vatcalconline.com
385193,registertovoteflorida.gov
277399,dieselgeneratorused.com
67977,rahulmannan.com
199868,pres.global
207740,arabianessence.tv
401587,qbbq.com.au
108326,favoritemusic.guru
188777,nyxdevices.com
73728,dfcugroup.com
142403,elbblech.com
230895,thaiworship.com
297246,eeusolar.com
442749,love-sushi.org
205393,sistemacorosfigulinas.it
256210,entclick.com
60284,exhale.top
184412,cleverhome.com
417906,newsleecher.com
443781,finehairypussy.com
326023,topsoftwarefiles.com
135498,gangaki.in
132515,mozaikportail.ca
339330,trijayakendari.com
404552,pdnews.cn
5919,istgah.com
253577,sahabet310.com
9733,jobstreet.com.my
274572,sanatelecom.com
319832,cima4u.icu
24234,kisscartoon.city
81455,hdfuckporn.com
270057,kingmancoks.org
109856,rotatortraffic.com
47188,ovoenergy.com
315426,sagegoddess.com
298717,ruqya.net
91365,artflow-ai.firebaseapp.com
246215,crash.gg
478572,teambuildersystem.io
1095,clickfunnels.com
428810,alohard.com
110489,tripcombined.com
270620,northeastpower.org
209232,policeauctionsusa.com
204037,inews24.it
360974,crew.do
300488,heevanco.com
281016,findmorebalance.com
329803,le-menil.fr
265908,ngonfig.net
17498,humber.ca
356312,bikekc.com
436014,samblast.ir
252814,simply01.com
384515,quince.com
39655,ftv.bg
346668,businesswriting.com
177102,wadoo.ru
277695,brandadz.top
307593,choprafoundation.org
453282,stgeorgetyres.com.au
453638,thehobsons.com.au
405294,tching.com
135184,billingportal.com
146122,ugmonk.com
29370,ikmultimedia.com
10119,ucsf.edu
183813,bharatiyayojana.com
8347,renweb.com
63804,lichngaytot.com
323221,itlat.lv
458640,yurionice-movie.com
299331,virginholidays.co.uk
418572,barrestorancafe.com
61491,dtvce.com
259241,selfedev.com
290,fourpetal.com
215786,stages-plus.com
481004,cu.be
347086,cpamerchant.com
368879,gurunanda.com
186143,grammica.com
23444,sefaz.ce.gov.br
74828,binantrader.com
148629,amigoindia.myshopify.com
280345,congaline.org
6984,bbcgoodfood.com
371318,indianatrails.com
129211,nivea.fr
194024,sawsamsaicatering.com
19951,help-wifi.com
156209,thepornfans.com
320083,regexper.com
12837,eghamat24.com
139344,col3negoriginal.tv
86584,ibis.net.ua
381093,onepromiserecoveryhousing.org
132358,kudisms.net
464008,promoties.be
322225,huawei-dialog.de
219379,gamehitzone.com
71637,busybits.com
75383,letsview.com
62882,pool.space
69297,deasilex.com
385714,ringside24.com
191064,theparentpractice.com
203739,gigporno.com
38970,kantei.go.jp
85577,smashingkirby.bigcartel.com
70021,digitalquefunciona.site
173281,re-actor.net
385848,roadtripryan.com
141158,urdu.co
391349,telenav.com
353931,anypromo.com
100214,fahrrad-wurm.de
226899,flat.io
345468,sportner.ir
78862,piziku.com
389726,statscrew.com
188580,news-blogger-pikitemplates.blogspot.com
106879,entaniya.co.jp
150455,sbgroup.bh
296805,borderlineae.com
210307,cardigan-studio-etcc.squarespace.com
222989,spisok-literaturi.ru
205167,reutlingen-university.de
200675,gzt.com
10049,dafiti.com.br
394577,ultrapoi.com
376022,mailmanhq.com
80221,zikao365.com
476983,headlightsize.com
356349,bimsmith.com
8164,ondemandkorea.com
391366,teltonika.lt
92435,finans7.com
12631,filmnet.ir
258739,coverwise.co.uk
157902,sls.net
400050,partnerplusbenefit.com
80441,perbanas.ac.id
242057,utplay.net
268615,aviationbenefits.org
97347,find-us-here.com
374412,leadershipacademy.nhs.uk
181642,rose22.top
31784,autotriti.gr
278502,confidenthaarzorg.nl
435885,sabt24.com
353643,analvideopro.com
124382,allohastream.com
341317,kliongroup.com
218830,earth.org
481566,gerjon.com
239346,golfmk7.com
221004,mosfilm.ru
235145,tarfandha.org
458853,ateliermondial.com
415738,admin-dot-wgsa-26e69.appspot.com
289106,hdmovie55.com
52572,byty-sternberk.eu
248721,inflightservice.se
245465,submission.org
146997,ebrary.net
457427,mondkalender-tagesempfehlungen.de
33208,pftservice.click
303910,camping-canada.com
289859,artblr.com
5955,cam4.es
228980,fco.by
417279,faisalmobile.com
410741,sindhonlineschool.com
470057,riff.is
485927,klink.or.kr
168093,tablondeanuncios.com
209524,usapowerlifting.com
293012,dosenbach.ch
240279,umwhistory.org
303055,tech12h.com
389119,southcoastretinacenter.com
85710,salzburgerfestspiele.at
131049,parquemourabel.com
94870,chapt5-my.sharepoint.com
288075,scriptsara.com
207867,techplinth.com
422713,portacal.org
474709,maxicabtaxiinsingapore.com
83729,ulethbridge.ca
287064,pesenok.ru
103462,storypick.com
37869,bb2454.com
338244,pdam-sby.go.id
5630,bank.sbi
94356,webradiosite.com
96808,hometutorsite.com
3826,moi.gov.qa
324591,allseotoolfree.com
119208,commercialtrucktrader.com
137261,pestovo.pro
75038,qanba-eu.com
40133,duo1.xyz
385603,rghost.net
210208,boundarydisputesurveys.com
415865,bridge.no
351088,whateverworksmovie.weebly.com
120469,hdpornvideos.fun
235473,scotiabank.ca
30644,getnews.jp
48169,codeblocks.org
216740,readymaderc.com
126159,neuroschlank.com
344708,medrx-diagnostics.com
327084,realpte.com
217681,armavest.ru
227471,tktok-guide.com
24498,avendrealouer.fr
381910,paper.io
299854,pro-sports.site
446634,newssails.com
438544,baldoyletrainingcentre.ie
398742,oia.gov.om
142371,castellodipontebosio.it
125863,loyhutz.de
92301,pornsled.com
21130,registrar-servers.com
402127,animaltriangle.com
389753,steadystatefate.com
183049,adergaming.com
255844,bulkbong.com
437091,tehranpiper.ir
21931,hackers.com
214287,win10productkeys.com
98874,webcestovatelu.cz
34848,127mall02.com
111417,dirtysweetshop.com
239591,amoxicillin250.com
93007,azzadgroup.com
389507,sqgroup.com
329874,adsaxis.com
362077,democrats.org
252926,teapplix.com
356561,blacktorrent.ru
103000,ayp.healthcare
404863,rommelmarkten.org
150470,seamless.se
26745,riverisland.com
436928,talayabloranz.ir
377841,modeaudio.com
26172,ipt.pw
423791,tnsatlanta.org
69160,elyaland.ir
147637,sadafco.com
324471,timetac.com
447262,techunfolded.com
283120,northporthouses.com
400496,bsmmu.edu.bd
14622,leolist.cc
212683,simsmods.github.io
205022,prodottiperpizzerie.it
423130,selcuksportshd31.xyz
441828,vestergaardgroup.com
483414,sidechef.com
411598,varthabharati.in
414575,notability.com
6371,wordhero.co
42087,brastel.com
7649,unsee.cc
69760,autoscuolacisliano.it
342180,stablebusiness.ru
305425,3pointpropertymanagement.com
270918,promotionnow.site
233379,bmwstore.id
317306,timeforreflections.blogspot.com
140091,frequentvisitor.com
296546,apa.gov.eg
346510,bifhsgo.ca
371269,inaturehub.com
27860,rosszlanyok.hu
202826,builtlean.com
298013,liddd.cn
157991,business-cool.com
414271,yaad.net
142478,mitsubishi-motors.it
169462,flix.vn
393487,toresays.com
68041,kmw.com
325330,ketsatdientuminihanoi.blogspot.com
441923,theindooroutdoor.com
15900,attacker.tv
224954,hillsofrock.com
301105,agfivestar.vn
390087,stretchnow.com.au
493484,eatcampogrande.com
74618,hot4share.com
172338,xvideos.biz
197401,canadapups.com
276712,sinovate.io
82236,pacourts.us
272912,acim.org
201570,shweproperty.com
358392,carshowz.com
417307,getindiansex.cc
322624,theotown.com
298359,newcapital-projects.com
380157,no-onewaslistening.tumblr.com
330888,jadid365.ma
6468,verywellmind.com
191551,vashiisl.com
160526,soundoptionsgroup.com
273142,tradedepot.co.nz
70370,izito.com.br
192701,ambarrestaurant.com
98788,rustcases.com
158063,parhopak.com
197470,mangak2.com
239818,kszp.blogspot.com
87265,timesofmalta.com
469162,globaltools.no
179710,imtec.ba
477777,novair-klima.ch
93032,wn24.cz
289255,maljrrash.eb2a.com
61720,holidaysbysaudia.com
79673,vensim.com
427762,dosm.gov.my
225142,redecor.bg
152923,axminstertools.com
437405,ttandis.com
311783,knobelsdorffenterprises.com
32644,ahau.cf
149908,mgsubikaner.ac.in
415913,pestdestructo.com
478801,verdia.ch
411465,turbobrandsfactory.com
386773,saveonenergy.com
188362,mygrihapravesh.com
338740,satutitiknol.com
353506,americanlegacyfishing.com
491792,masseffect.com
170520,insidethepylon.com
317446,toyboxuae.com
253724,angazadesign.com
335866,bukugaji.com
70500,matanorte.com
46551,mosoah.com
209857,advancedhairstudioindia.com
119380,kywitiendaenlinea.com
1261,oup.com
52231,gobrowse.org
284547,sundanewasian.com
245688,serialreactor.com
410569,sankei-eagle.com.sg
90782,boxingnews24.com
156851,kingpanich.com
130982,ecoosfera.com
240728,cityoflakecharles.com
202791,bookdealer.it
65911,charisma.ir
214761,noise-athletics.myshopify.com
40138,gzgafk.com
296447,almasraf.news
91204,routeyou.com
344450,jahanesanat.ir
428475,90parvaz.ir
357299,brickhousenutrition.com
52512,antronio.cl
90966,bokin.is
175788,balance-pl.ru
355837,bellancahotel.com
364884,exploremunising.com
154570,atfw.com.my
26531,jpmn8.com
401271,growplaymonkeybars.com
140628,capitalstackers.com
262209,lilsimsieshop.com
133307,roonnhaidee.com
428474,8n8.ir
40067,bualuang.co.th
397248,workingwithphil.com
208198,findingtheuniverse.com
432219,hpsupport.ir
390956,tankthetank.com
247137,gcect.com
7430,wuqianeo.xyz
13642,xxx-torrent.net
347027,conseilsmarketing.com
181689,speakyourmindmethod.com
312572,martuccisflashbackdiner.com
235762,matureladiespictures.com
9581,iflscience.com
54828,voriaevia.gr
446481,medicalbooksfree.com
419465,denizcilikbilgileri.com
62428,uptoten.com
281904,jamescitycountyva.gov
352000,aaanativearts.com
100739,volkswagenbaltic.eu
444699,sugbo.ph
456778,gesundheit-zentrum.at
189208,pluspng.com
391350,telenetwork.com
429610,bazarechap.com
485329,timecenter.dk
296741,bestpornsites.porn
87518,bookingkoala.com
47249,centum.com.ar
468435,alastairhm.no-ip.org
492313,cuonet.com
257650,puregreen.pl
13361,kurzzeitmiete.com
379999,nicelocal.ph
209120,myplanportal.com
273299,mobilemall.com.pk
397519,x-sexshop.ru
233122,houfy.com
225909,anime-slayer.com
424460,yonderle.com
108029,khandwasamachar.com
242332,axiseo.com
38180,lolpif.com
97158,barcelonabusturistic.cat
455389,switch2osm.org
106753,megacamz.com
474657,lifegate.com
427913,informativno.eu
260029,goldfurnish.com
160257,kreativeworks.in
378573,musicglue.com
63766,pay1.de
414762,momondo.ee
30342,mlb66.ir
263632,zensiert.net
177879,academictools.org
425031,danceonacademy.com.au
420035,eylularicilik.com
498632,klassiekemuziek.tv
254404,qeemat.com
380100,niswan.net
11,twitter.com
203037,cittametropolitana.torino.it
421132,jupi.lt
74785,americascardroom.hu
232035,mttwheels.com
456526,ekogazeta.eu
489392,www-lavanguardia-com.translate.goog
60171,cpic.com.cn